{
  "version": 1,
  "author": "Mohamad Rizal",
  "editor": "wokwi",
  "parts": [
    { "type": "wokwi-arduino-uno", "id": "uno", "top": -57, "left": -19.8, "attrs": {} },
    { "type": "wokwi-dht22", "id": "dht1", "top": 153.9, "left": 378.6, "attrs": {} },
    { "type": "wokwi-led", "id": "led1", "top": 198, "left": -63.4, "attrs": { "color": "red" } },
    {
      "type": "wokwi-buzzer",
      "id": "bz1",
      "top": -26.4,
      "left": -113.4,
      "attrs": { "volume": "0.1" }
    },
    {
      "type": "wokwi-resistor",
      "id": "r1",
      "top": 205.55,
      "left": 86.4,
      "attrs": { "value": "220" }
    }
  ],
  "connections": [
    [ "dht1:VCC", "uno:5V", "red", [ "v0" ] ],
    [ "dht1:SDA", "uno:2", "green", [ "v0" ] ],
    [ "dht1:GND", "uno:GND.1", "black", [ "v0" ] ],
    [ "bz1:2", "uno:8", "green", [ "v0" ] ],
    [ "bz1:1", "uno:GND.2", "green", [ "v0" ] ],
    [ "led1:A", "uno:7", "green", [ "v0" ] ],
    [ "led1:C", "r1:1", "green", [ "v0" ] ],
    [ "r1:2", "uno:GND.3", "green", [ "v0" ] ]
  ],
  "dependencies": {}
}